{"RMS": 1.5201253600828237, "CameraMatrix": [[953.3723444283503, 0.0, 783.8421764606697], [0.0, 957.9130487518722, 527.694475384533], [0.0, 0.0, 1.0]], "DistortionCoefficients": [-0.004131134499146813, 0.013303561443848066, -5.4875394614826776e-05, 0.0003540344665837981, -0.01592906677242101], "NewCameraMatrix": [[947.4158935546875, 0.0, 784.877797553323], [0.0, 950.3662109375, 527.246665029088], [0.0, 0.0, 1.0]], "ROI": [4, 4, 1507, 1028]}